model,epoch,epochs_total,train_loss,val_loss,stop_patience,threshold_patience,threshold_monitor_interval,best_val_loss_before_epoch,best_checkpoint_score_before_epoch,best_detection_score_before_epoch,patience_before_epoch,learning_rate,checkpoint,validation_monitor_source,val_precision,val_recall,val_f1,val_fp,val_fn,threshold,raw_threshold,safe_threshold,was_safety_applied,threshold_type,threshold_moved,previous_threshold,detection_score,detection_signal,threshold_monitor_ran,loss_improved,threshold_signal,threshold_checkpoint,threshold_save_loss_tolerance,checkpoint_score,best_checkpoint_score_after_epoch,is_best,best_val_loss_after_epoch,best_detection_score_after_epoch,patience_after_epoch,epoch_time_sec
tcn_transformer_ae,1,1000,0.20621451831896576,0.007815105168622705,9,9,5,,,,0,0.0003,/home/danderety/Documents/GitHub/TCN_Transformer_anomaly_analizer/outputs/loghub2/models/tcn_transformer_ae_seed42_best.pt,real_val_plus_val_synthetic,0.24958813838550248,1.0,0.3994726433750824,21864.0,0.0,-0.8921703100204468,7.340889930725098,-0.8597177863121034,True,quantile_recall_fpr_tradeoff,False,,0.39947264337508237,True,True,True,True,False,0.05,0.007815105168622705,0.007815105168622705,True,0.007815105168622705,0.39947264337508237,0,137.9186224937439
tcn_transformer_ae,2,1000,0.006225903578747979,0.0031446199659911685,9,9,5,0.007815105168622705,0.007815105168622705,0.39947264337508237,0,0.0003,/home/danderety/Documents/GitHub/TCN_Transformer_anomaly_analizer/outputs/loghub2/models/tcn_transformer_ae_seed42_best.pt,real_val_plus_val_synthetic,,,,,,,,,,,False,,,False,False,True,False,False,0.05,0.0031446199659911685,0.0031446199659911685,True,0.0031446199659911685,0.39947264337508237,0,5.175352096557617
tcn_transformer_ae,3,1000,0.003268967842654603,0.0019117433306140204,9,9,5,0.0031446199659911685,0.0031446199659911685,0.39947264337508237,0,0.0003,/home/danderety/Documents/GitHub/TCN_Transformer_anomaly_analizer/outputs/loghub2/models/tcn_transformer_ae_seed42_best.pt,real_val_plus_val_synthetic,,,,,,,,,,,False,,,False,False,True,False,False,0.05,0.0019117433306140204,0.0019117433306140204,True,0.0019117433306140204,0.39947264337508237,0,5.177214860916138
tcn_transformer_ae,4,1000,0.0019697327337333966,0.0011374183124740068,9,9,5,0.0019117433306140204,0.0019117433306140204,0.39947264337508237,0,0.0003,/home/danderety/Documents/GitHub/TCN_Transformer_anomaly_analizer/outputs/loghub2/models/tcn_transformer_ae_seed42_best.pt,real_val_plus_val_synthetic,,,,,,,,,,,False,,,False,False,True,False,False,0.05,0.0011374183124740068,0.0011374183124740068,True,0.0011374183124740068,0.39947264337508237,0,5.144404888153076
tcn_transformer_ae,5,1000,0.001282149368004563,0.0007106048248252799,9,9,5,0.0011374183124740068,0.0011374183124740068,0.39947264337508237,0,0.0003,/home/danderety/Documents/GitHub/TCN_Transformer_anomaly_analizer/outputs/loghub2/models/tcn_transformer_ae_seed42_best.pt,real_val_plus_val_synthetic,0.24958813838550248,1.0,0.3994726433750824,21864.0,0.0,-0.9340626001358032,6.605052947998047,-0.9340626001358033,True,quantile_recall_fpr_tradeoff,True,-0.8921703100204468,0.39947264337508237,False,True,True,False,False,0.05,0.0007106048248252799,0.0007106048248252799,True,0.0007106048248252799,0.39947264337508237,0,137.63814306259155
tcn_transformer_ae,6,1000,0.0008322682162479236,0.0005066737068230858,9,9,5,0.0007106048248252799,0.0007106048248252799,0.39947264337508237,0,0.0003,/home/danderety/Documents/GitHub/TCN_Transformer_anomaly_analizer/outputs/loghub2/models/tcn_transformer_ae_seed42_best.pt,real_val_plus_val_synthetic,,,,,,,,,,,False,,,False,False,True,False,False,0.05,0.0005066737068230858,0.0005066737068230858,True,0.0005066737068230858,0.39947264337508237,0,5.1671202182769775
tcn_transformer_ae,7,1000,0.000585657368151659,0.00033550755994694653,9,9,5,0.0005066737068230858,0.0005066737068230858,0.39947264337508237,0,0.0003,/home/danderety/Documents/GitHub/TCN_Transformer_anomaly_analizer/outputs/loghub2/models/tcn_transformer_ae_seed42_best.pt,real_val_plus_val_synthetic,,,,,,,,,,,False,,,False,False,True,False,False,0.05,0.00033550755994694653,0.00033550755994694653,True,0.00033550755994694653,0.39947264337508237,0,5.119723796844482
tcn_transformer_ae,8,1000,0.0004326745750547975,0.00024704832149406063,9,9,5,0.00033550755994694653,0.00033550755994694653,0.39947264337508237,0,0.0003,/home/danderety/Documents/GitHub/TCN_Transformer_anomaly_analizer/outputs/loghub2/models/tcn_transformer_ae_seed42_best.pt,real_val_plus_val_synthetic,,,,,,,,,,,False,,,False,False,True,False,False,0.05,0.00024704832149406063,0.00024704832149406063,True,0.00024704832149406063,0.39947264337508237,0,5.170167922973633
tcn_transformer_ae,9,1000,0.0003222030519330139,0.00018770588818976344,9,9,5,0.00024704832149406063,0.00024704832149406063,0.39947264337508237,0,0.0003,/home/danderety/Documents/GitHub/TCN_Transformer_anomaly_analizer/outputs/loghub2/models/tcn_transformer_ae_seed42_best.pt,real_val_plus_val_synthetic,,,,,,,,,,,False,,,False,False,True,False,False,0.05,0.00018770588818976344,0.00018770588818976344,True,0.00018770588818976344,0.39947264337508237,0,5.125329256057739
tcn_transformer_ae,10,1000,0.00024904933244422926,0.00014989304359085254,9,9,5,0.00018770588818976344,0.00018770588818976344,0.39947264337508237,0,0.0003,/home/danderety/Documents/GitHub/TCN_Transformer_anomaly_analizer/outputs/loghub2/models/tcn_transformer_ae_seed42_best.pt,real_val_plus_val_synthetic,0.24958813838550248,1.0,0.3994726433750824,21864.0,0.0,-0.9452677965164185,6.865534782409668,-0.9390011429786683,True,quantile_recall_fpr_tradeoff,True,-0.9340626001358032,0.39947264337508237,False,True,True,False,False,0.05,0.00014989304359085254,0.00014989304359085254,True,0.00014989304359085254,0.39947264337508237,0,136.68650102615356
tcn_transformer_ae,11,1000,0.0002034503480612521,0.00011945736635728584,9,9,5,0.00014989304359085254,0.00014989304359085254,0.39947264337508237,0,0.0003,/home/danderety/Documents/GitHub/TCN_Transformer_anomaly_analizer/outputs/loghub2/models/tcn_transformer_ae_seed42_best.pt,real_val_plus_val_synthetic,,,,,,,,,,,False,,,False,False,True,False,False,0.05,0.00011945736635728584,0.00011945736635728584,True,0.00011945736635728584,0.39947264337508237,0,5.1769702434539795
tcn_transformer_ae,12,1000,0.00016288874135888794,9.853797296512455e-05,9,9,5,0.00011945736635728584,0.00011945736635728584,0.39947264337508237,0,0.0003,/home/danderety/Documents/GitHub/TCN_Transformer_anomaly_analizer/outputs/loghub2/models/tcn_transformer_ae_seed42_best.pt,real_val_plus_val_synthetic,,,,,,,,,,,False,,,False,False,True,False,False,0.05,9.853797296512455e-05,9.853797296512455e-05,True,9.853797296512455e-05,0.39947264337508237,0,5.148593187332153
tcn_transformer_ae,13,1000,0.00013402047730587104,8.094528423323042e-05,9,9,5,9.853797296512455e-05,9.853797296512455e-05,0.39947264337508237,0,0.0003,/home/danderety/Documents/GitHub/TCN_Transformer_anomaly_analizer/outputs/loghub2/models/tcn_transformer_ae_seed42_best.pt,real_val_plus_val_synthetic,,,,,,,,,,,False,,,False,False,True,False,False,0.05,8.094528423323042e-05,8.094528423323042e-05,True,8.094528423323042e-05,0.39947264337508237,0,5.191447734832764
tcn_transformer_ae,14,1000,0.00011344880987420318,6.760927170577353e-05,9,9,5,8.094528423323042e-05,8.094528423323042e-05,0.39947264337508237,0,0.0003,/home/danderety/Documents/GitHub/TCN_Transformer_anomaly_analizer/outputs/loghub2/models/tcn_transformer_ae_seed42_best.pt,real_val_plus_val_synthetic,,,,,,,,,,,False,,,False,False,True,False,False,0.05,6.760927170577353e-05,6.760927170577353e-05,True,6.760927170577353e-05,0.39947264337508237,0,5.149679660797119
tcn_transformer_ae,15,1000,9.422634978188414e-05,5.737940606004007e-05,9,9,5,6.760927170577353e-05,6.760927170577353e-05,0.39947264337508237,0,0.0003,/home/danderety/Documents/GitHub/TCN_Transformer_anomaly_analizer/outputs/loghub2/models/tcn_transformer_ae_seed42_best.pt,real_val_plus_val_synthetic,0.24958813838550248,1.0,0.3994726433750824,21864.0,0.0,-0.9278509616851807,7.11502742767334,-0.9158264994621278,True,quantile_recall_fpr_tradeoff,True,-0.9452677965164185,0.39947264337508237,False,True,True,False,False,0.05,5.737940606004007e-05,5.737940606004007e-05,True,5.737940606004007e-05,0.39947264337508237,0,128.53976225852966
tcn_transformer_ae,16,1000,8.147936781218353e-05,4.812396111861872e-05,9,9,5,5.737940606004007e-05,5.737940606004007e-05,0.39947264337508237,0,0.0003,/home/danderety/Documents/GitHub/TCN_Transformer_anomaly_analizer/outputs/loghub2/models/tcn_transformer_ae_seed42_best.pt,real_val_plus_val_synthetic,,,,,,,,,,,False,,,False,False,True,False,False,0.05,4.812396111861872e-05,4.812396111861872e-05,True,4.812396111861872e-05,0.39947264337508237,0,5.180739402770996
tcn_transformer_ae,17,1000,6.999580412076811e-05,4.096844570181259e-05,9,9,5,4.812396111861872e-05,4.812396111861872e-05,0.39947264337508237,0,0.0003,/home/danderety/Documents/GitHub/TCN_Transformer_anomaly_analizer/outputs/loghub2/models/tcn_transformer_ae_seed42_best.pt,real_val_plus_val_synthetic,,,,,,,,,,,False,,,False,False,True,False,False,0.05,4.096844570181259e-05,4.096844570181259e-05,True,4.096844570181259e-05,0.39947264337508237,0,5.131904125213623
tcn_transformer_ae,18,1000,5.935714746061549e-05,3.500270494234364e-05,9,9,5,4.096844570181259e-05,4.096844570181259e-05,0.39947264337508237,0,0.0003,/home/danderety/Documents/GitHub/TCN_Transformer_anomaly_analizer/outputs/loghub2/models/tcn_transformer_ae_seed42_best.pt,real_val_plus_val_synthetic,,,,,,,,,,,False,,,False,False,True,False,False,0.05,3.500270494234364e-05,3.500270494234364e-05,True,3.500270494234364e-05,0.39947264337508237,0,5.134147644042969
tcn_transformer_ae,19,1000,5.0267040358831814e-05,3.0085314241053613e-05,9,9,5,3.500270494234364e-05,3.500270494234364e-05,0.39947264337508237,0,0.0003,/home/danderety/Documents/GitHub/TCN_Transformer_anomaly_analizer/outputs/loghub2/models/tcn_transformer_ae_seed42_best.pt,real_val_plus_val_synthetic,,,,,,,,,,,False,,,False,False,True,False,False,0.05,3.0085314241053613e-05,3.0085314241053613e-05,True,3.0085314241053613e-05,0.39947264337508237,0,5.143862962722778
tcn_transformer_ae,20,1000,4.4167357995511815e-05,2.5986292449057434e-05,9,9,5,3.0085314241053613e-05,3.0085314241053613e-05,0.39947264337508237,0,0.0003,/home/danderety/Documents/GitHub/TCN_Transformer_anomaly_analizer/outputs/loghub2/models/tcn_transformer_ae_seed42_best.pt,real_val_plus_val_synthetic,0.24958813838550248,1.0,0.3994726433750824,21864.0,0.0,-0.9727889895439148,7.47015380859375,-0.948412597179413,True,quantile_recall_fpr_tradeoff,True,-0.9278509616851807,0.39947264337508237,False,True,True,False,False,0.05,2.5986292449057434e-05,2.5986292449057434e-05,True,2.5986292449057434e-05,0.39947264337508237,0,118.49310660362244
tcn_transformer_ae,21,1000,3.793280280948047e-05,2.2645369035831608e-05,9,9,5,2.5986292449057434e-05,2.5986292449057434e-05,0.39947264337508237,0,0.0003,/home/danderety/Documents/GitHub/TCN_Transformer_anomaly_analizer/outputs/loghub2/models/tcn_transformer_ae_seed42_best.pt,real_val_plus_val_synthetic,,,,,,,,,,,False,,,False,False,True,False,False,0.05,2.2645369035831608e-05,2.2645369035831608e-05,True,2.2645369035831608e-05,0.39947264337508237,0,5.163295030593872
tcn_transformer_ae,22,1000,3.327834162535095e-05,1.969155914594012e-05,9,9,5,2.2645369035831608e-05,2.2645369035831608e-05,0.39947264337508237,0,0.0003,/home/danderety/Documents/GitHub/TCN_Transformer_anomaly_analizer/outputs/loghub2/models/tcn_transformer_ae_seed42_best.pt,real_val_plus_val_synthetic,,,,,,,,,,,False,,,False,False,True,False,False,0.05,1.969155914594012e-05,1.969155914594012e-05,True,1.969155914594012e-05,0.39947264337508237,0,5.109893083572388
tcn_transformer_ae,23,1000,2.905949387448409e-05,1.7047704795116086e-05,9,9,5,1.969155914594012e-05,1.969155914594012e-05,0.39947264337508237,0,0.0003,/home/danderety/Documents/GitHub/TCN_Transformer_anomaly_analizer/outputs/loghub2/models/tcn_transformer_ae_seed42_best.pt,real_val_plus_val_synthetic,,,,,,,,,,,False,,,False,False,True,False,False,0.05,1.7047704795116086e-05,1.7047704795116086e-05,True,1.7047704795116086e-05,0.39947264337508237,0,5.12567663192749
tcn_transformer_ae,24,1000,2.5200697963188296e-05,1.4858234503902312e-05,9,9,5,1.7047704795116086e-05,1.7047704795116086e-05,0.39947264337508237,0,0.0003,/home/danderety/Documents/GitHub/TCN_Transformer_anomaly_analizer/outputs/loghub2/models/tcn_transformer_ae_seed42_best.pt,real_val_plus_val_synthetic,,,,,,,,,,,False,,,False,False,True,False,False,0.05,1.4858234503902312e-05,1.4858234503902312e-05,True,1.4858234503902312e-05,0.39947264337508237,0,5.1208107471466064
tcn_transformer_ae,25,1000,2.2051619405254697e-05,1.303379255994897e-05,9,9,5,1.4858234503902312e-05,1.4858234503902312e-05,0.39947264337508237,0,0.0003,/home/danderety/Documents/GitHub/TCN_Transformer_anomaly_analizer/outputs/loghub2/models/tcn_transformer_ae_seed42_best.pt,real_val_plus_val_synthetic,0.24958813838550248,1.0,0.3994726433750824,21864.0,0.0,-0.9808367490768433,7.518633842468262,-0.9593495130538942,True,quantile_recall_fpr_tradeoff,True,-0.9727889895439148,0.39947264337508237,False,True,True,False,False,0.05,1.303379255994897e-05,1.303379255994897e-05,True,1.303379255994897e-05,0.39947264337508237,0,111.93064951896667
tcn_transformer_ae,26,1000,1.961122530191093e-05,1.1495917062762728e-05,9,9,5,1.303379255994897e-05,1.303379255994897e-05,0.39947264337508237,0,0.0003,/home/danderety/Documents/GitHub/TCN_Transformer_anomaly_analizer/outputs/loghub2/models/tcn_transformer_ae_seed42_best.pt,real_val_plus_val_synthetic,,,,,,,,,,,False,,,False,False,True,False,False,0.05,1.1495917062762728e-05,1.1495917062762728e-05,True,1.1495917062762728e-05,0.39947264337508237,0,5.119088172912598
tcn_transformer_ae,27,1000,1.712601478207114e-05,1.0027756247198563e-05,9,9,5,1.1495917062762728e-05,1.1495917062762728e-05,0.39947264337508237,0,0.0003,/home/danderety/Documents/GitHub/TCN_Transformer_anomaly_analizer/outputs/loghub2/models/tcn_transformer_ae_seed42_best.pt,real_val_plus_val_synthetic,,,,,,,,,,,False,,,False,False,True,False,False,0.05,1.0027756247198563e-05,1.0027756247198563e-05,True,1.0027756247198563e-05,0.39947264337508237,0,5.1359288692474365
tcn_transformer_ae,28,1000,1.525368154768346e-05,8.800087810238454e-06,9,9,5,1.0027756247198563e-05,1.0027756247198563e-05,0.39947264337508237,0,0.0003,/home/danderety/Documents/GitHub/TCN_Transformer_anomaly_analizer/outputs/loghub2/models/tcn_transformer_ae_seed42_best.pt,real_val_plus_val_synthetic,,,,,,,,,,,False,,,False,False,True,False,False,0.05,8.800087810238454e-06,8.800087810238454e-06,True,8.800087810238454e-06,0.39947264337508237,0,5.1893322467803955
tcn_transformer_ae,29,1000,1.3341264484392524e-05,7.755827225178349e-06,9,9,5,8.800087810238454e-06,8.800087810238454e-06,0.39947264337508237,0,0.0003,/home/danderety/Documents/GitHub/TCN_Transformer_anomaly_analizer/outputs/loghub2/models/tcn_transformer_ae_seed42_best.pt,real_val_plus_val_synthetic,,,,,,,,,,,False,,,False,False,True,False,False,0.05,7.755827225178349e-06,7.755827225178349e-06,True,7.755827225178349e-06,0.39947264337508237,0,5.156122207641602
tcn_transformer_ae,30,1000,1.1681749061097977e-05,6.781671423165167e-06,9,9,5,7.755827225178349e-06,7.755827225178349e-06,0.39947264337508237,0,0.0003,/home/danderety/Documents/GitHub/TCN_Transformer_anomaly_analizer/outputs/loghub2/models/tcn_transformer_ae_seed42_best.pt,real_val_plus_val_synthetic,0.24958813838550248,1.0,0.3994726433750824,21864.0,0.0,-0.5436450242996216,4.334393596649164,-0.5410247445106507,True,quantile_recall_fpr_tradeoff,True,-0.9808367490768433,0.39947264337508237,False,True,True,False,False,0.05,6.781671423165167e-06,6.781671423165167e-06,True,6.781671423165167e-06,0.39947264337508237,0,106.3344202041626
tcn_transformer_ae,31,1000,1.0255625316028927e-05,5.919215352565643e-06,9,9,5,6.781671423165167e-06,6.781671423165167e-06,0.39947264337508237,0,0.0003,/home/danderety/Documents/GitHub/TCN_Transformer_anomaly_analizer/outputs/loghub2/models/tcn_transformer_ae_seed42_best.pt,real_val_plus_val_synthetic,,,,,,,,,,,False,,,False,False,True,False,False,0.05,5.919215352565643e-06,5.919215352565643e-06,True,5.919215352565643e-06,0.39947264337508237,0,5.122868537902832
tcn_transformer_ae,32,1000,9.08040765991022e-06,5.17346274308326e-06,9,9,5,5.919215352565643e-06,5.919215352565643e-06,0.39947264337508237,0,0.0003,/home/danderety/Documents/GitHub/TCN_Transformer_anomaly_analizer/outputs/loghub2/models/tcn_transformer_ae_seed42_best.pt,real_val_plus_val_synthetic,,,,,,,,,,,False,,,False,False,True,False,False,0.05,5.17346274308326e-06,5.17346274308326e-06,True,5.17346274308326e-06,0.39947264337508237,0,5.215845108032227
tcn_transformer_ae,33,1000,8.118343292775726e-06,4.6469737001867196e-06,9,9,5,5.17346274308326e-06,5.17346274308326e-06,0.39947264337508237,0,0.0003,/home/danderety/Documents/GitHub/TCN_Transformer_anomaly_analizer/outputs/loghub2/models/tcn_transformer_ae_seed42_best.pt,real_val_plus_val_synthetic,,,,,,,,,,,False,,,False,False,True,False,False,0.05,4.6469737001867196e-06,4.6469737001867196e-06,True,4.6469737001867196e-06,0.39947264337508237,0,5.178629636764526
tcn_transformer_ae,34,1000,7.131217224716174e-06,4.066666176920096e-06,9,9,5,4.6469737001867196e-06,4.6469737001867196e-06,0.39947264337508237,0,0.0003,/home/danderety/Documents/GitHub/TCN_Transformer_anomaly_analizer/outputs/loghub2/models/tcn_transformer_ae_seed42_best.pt,real_val_plus_val_synthetic,,,,,,,,,,,False,,,False,False,True,False,False,0.05,4.066666176920096e-06,4.066666176920096e-06,True,4.066666176920096e-06,0.39947264337508237,0,5.12474799156189
tcn_transformer_ae,35,1000,6.346166558838026e-06,3.6102008284375952e-06,9,9,5,4.066666176920096e-06,4.066666176920096e-06,0.39947264337508237,0,0.0003,/home/danderety/Documents/GitHub/TCN_Transformer_anomaly_analizer/outputs/loghub2/models/tcn_transformer_ae_seed42_best.pt,real_val_plus_val_synthetic,0.2523923861224206,0.9973872387238724,0.40284373351106667,21484.0,19.0,-0.2855776846408844,2.40938401222229,-0.28426757454872137,True,quantile_recall_fpr_tradeoff,True,-0.5436450242996216,-18.582388859451854,False,True,True,False,False,0.05,3.6102008284375952e-06,3.6102008284375952e-06,True,3.6102008284375952e-06,0.39947264337508237,0,101.66049528121948
tcn_transformer_ae,36,1000,5.676221888463037e-06,3.1878994956027702e-06,9,9,5,3.6102008284375952e-06,3.6102008284375952e-06,0.39947264337508237,0,0.0003,/home/danderety/Documents/GitHub/TCN_Transformer_anomaly_analizer/outputs/loghub2/models/tcn_transformer_ae_seed42_best.pt,real_val_plus_val_synthetic,,,,,,,,,,,False,,,False,False,True,False,False,0.05,3.1878994956027702e-06,3.1878994956027702e-06,True,3.1878994956027702e-06,0.39947264337508237,0,5.187898635864258
tcn_transformer_ae,37,1000,4.883339217661144e-06,2.748829511769975e-06,9,9,5,3.1878994956027702e-06,3.1878994956027702e-06,0.39947264337508237,0,0.0003,/home/danderety/Documents/GitHub/TCN_Transformer_anomaly_analizer/outputs/loghub2/models/tcn_transformer_ae_seed42_best.pt,real_val_plus_val_synthetic,,,,,,,,,,,False,,,False,False,True,False,False,0.05,2.748829511769975e-06,2.748829511769975e-06,True,2.748829511769975e-06,0.39947264337508237,0,5.122684001922607
tcn_transformer_ae,38,1000,4.340368446408224e-06,2.4787841579254427e-06,9,9,5,2.748829511769975e-06,2.748829511769975e-06,0.39947264337508237,0,0.0003,/home/danderety/Documents/GitHub/TCN_Transformer_anomaly_analizer/outputs/loghub2/models/tcn_transformer_ae_seed42_best.pt,real_val_plus_val_synthetic,,,,,,,,,,,False,,,False,False,True,False,False,0.05,2.4787841579254427e-06,2.4787841579254427e-06,True,2.4787841579254427e-06,0.39947264337508237,0,5.138404369354248
tcn_transformer_ae,39,1000,3.853849099805143e-06,2.1516956269750697e-06,9,9,5,2.4787841579254427e-06,2.4787841579254427e-06,0.39947264337508237,0,0.0003,/home/danderety/Documents/GitHub/TCN_Transformer_anomaly_analizer/outputs/loghub2/models/tcn_transformer_ae_seed42_best.pt,real_val_plus_val_synthetic,,,,,,,,,,,False,,,False,False,True,False,False,0.05,2.1516956269750697e-06,2.1516956269750697e-06,True,2.1516956269750697e-06,0.39947264337508237,0,5.179024696350098
tcn_transformer_ae,40,1000,3.4405426655818396e-06,1.9294275241982337e-06,9,9,5,2.1516956269750697e-06,2.1516956269750697e-06,0.39947264337508237,0,0.0003,/home/danderety/Documents/GitHub/TCN_Transformer_anomaly_analizer/outputs/loghub2/models/tcn_transformer_ae_seed42_best.pt,real_val_plus_val_synthetic,0.24958813838550248,1.0,0.3994726433750824,21864.0,0.0,-0.1428980976343155,1.3124428153038026,-0.13296402990818026,True,quantile_recall_fpr_tradeoff,True,-0.2855776846408844,0.39947264337508237,False,True,True,False,False,0.05,1.9294275241982337e-06,1.9294275241982337e-06,True,1.9294275241982337e-06,0.39947264337508237,0,97.65745639801025
tcn_transformer_ae,41,1000,3.036625801306607e-06,1.662847785953266e-06,9,9,5,1.9294275241982337e-06,1.9294275241982337e-06,0.39947264337508237,0,0.0003,/home/danderety/Documents/GitHub/TCN_Transformer_anomaly_analizer/outputs/loghub2/models/tcn_transformer_ae_seed42_best.pt,real_val_plus_val_synthetic,,,,,,,,,,,False,,,False,False,True,False,False,0.05,1.662847785953266e-06,1.662847785953266e-06,True,1.662847785953266e-06,0.39947264337508237,0,5.111872911453247
tcn_transformer_ae,42,1000,2.635140129557425e-06,1.4886415953653118e-06,9,9,5,1.662847785953266e-06,1.662847785953266e-06,0.39947264337508237,0,0.0003,/home/danderety/Documents/GitHub/TCN_Transformer_anomaly_analizer/outputs/loghub2/models/tcn_transformer_ae_seed42_best.pt,real_val_plus_val_synthetic,,,,,,,,,,,False,,,False,False,True,False,False,0.05,1.4886415953653118e-06,1.4886415953653118e-06,True,1.4886415953653118e-06,0.39947264337508237,0,5.169507026672363
tcn_transformer_ae,43,1000,2.335162587055413e-06,1.2773832223868801e-06,9,9,5,1.4886415953653118e-06,1.4886415953653118e-06,0.39947264337508237,0,0.0003,/home/danderety/Documents/GitHub/TCN_Transformer_anomaly_analizer/outputs/loghub2/models/tcn_transformer_ae_seed42_best.pt,real_val_plus_val_synthetic,,,,,,,,,,,False,,,False,False,True,False,False,0.05,1.2773832223868801e-06,1.2773832223868801e-06,True,1.2773832223868801e-06,0.39947264337508237,0,5.134497880935669
tcn_transformer_ae,44,1000,2.082611272550837e-06,1.1719516718637367e-06,9,9,5,1.2773832223868801e-06,1.2773832223868801e-06,0.39947264337508237,0,0.0003,/home/danderety/Documents/GitHub/TCN_Transformer_anomaly_analizer/outputs/loghub2/models/tcn_transformer_ae_seed42_best.pt,real_val_plus_val_synthetic,,,,,,,,,,,False,,,False,False,True,False,False,0.05,1.1719516718637367e-06,1.1719516718637367e-06,True,1.1719516718637367e-06,0.39947264337508237,0,5.13206672668457
tcn_transformer_ae,45,1000,1.847949176324523e-06,1.008465081765695e-06,9,9,5,1.1719516718637367e-06,1.1719516718637367e-06,0.39947264337508237,0,0.0003,/home/danderety/Documents/GitHub/TCN_Transformer_anomaly_analizer/outputs/loghub2/models/tcn_transformer_ae_seed42_best.pt,real_val_plus_val_synthetic,0.24958813838550248,1.0,0.3994726433750824,21864.0,0.0,-0.028273973613977432,0.6894639134407043,-0.00982493069022894,True,quantile_recall_fpr_tradeoff,True,-0.1428980976343155,0.39947264337508237,False,True,True,False,False,0.05,1.008465081765695e-06,1.008465081765695e-06,True,1.008465081765695e-06,0.39947264337508237,0,91.91468977928162
tcn_transformer_ae,46,1000,1.614755300232374e-06,8.646965985809928e-07,9,9,5,1.008465081765695e-06,1.008465081765695e-06,0.39947264337508237,0,0.0003,/home/danderety/Documents/GitHub/TCN_Transformer_anomaly_analizer/outputs/loghub2/models/tcn_transformer_ae_seed42_best.pt,real_val_plus_val_synthetic,,,,,,,,,,,False,,,False,False,True,False,False,0.05,8.646965985809928e-07,8.646965985809928e-07,True,8.646965985809928e-07,0.39947264337508237,0,5.111742973327637
tcn_transformer_ae,47,1000,1.4380975586977672e-06,7.542475010406011e-07,9,9,5,8.646965985809928e-07,8.646965985809928e-07,0.39947264337508237,0,0.0003,/home/danderety/Documents/GitHub/TCN_Transformer_anomaly_analizer/outputs/loghub2/models/tcn_transformer_ae_seed42_best.pt,real_val_plus_val_synthetic,,,,,,,,,,,False,,,False,False,True,False,False,0.05,7.542475010406011e-07,7.542475010406011e-07,True,7.542475010406011e-07,0.39947264337508237,0,5.124019384384155
tcn_transformer_ae,48,1000,1.2714211921723274e-06,6.515317990537721e-07,9,9,5,7.542475010406011e-07,7.542475010406011e-07,0.39947264337508237,0,0.0003,/home/danderety/Documents/GitHub/TCN_Transformer_anomaly_analizer/outputs/loghub2/models/tcn_transformer_ae_seed42_best.pt,real_val_plus_val_synthetic,,,,,,,,,,,False,,,False,False,True,False,False,0.05,6.515317990537721e-07,6.515317990537721e-07,True,6.515317990537721e-07,0.39947264337508237,0,5.12559175491333
tcn_transformer_ae,49,1000,1.1132900783550531e-06,5.723462342195106e-07,9,9,5,6.515317990537721e-07,6.515317990537721e-07,0.39947264337508237,0,0.0003,/home/danderety/Documents/GitHub/TCN_Transformer_anomaly_analizer/outputs/loghub2/models/tcn_transformer_ae_seed42_best.pt,real_val_plus_val_synthetic,,,,,,,,,,,False,,,False,False,True,False,False,0.05,5.723462342195106e-07,5.723462342195106e-07,True,5.723462342195106e-07,0.39947264337508237,0,5.124279499053955
tcn_transformer_ae,50,1000,9.876160982202508e-07,4.860982676341177e-07,9,9,5,5.723462342195106e-07,5.723462342195106e-07,0.39947264337508237,0,0.0003,/home/danderety/Documents/GitHub/TCN_Transformer_anomaly_analizer/outputs/loghub2/models/tcn_transformer_ae_seed42_best.pt,real_val_plus_val_synthetic,0.24958813838550248,1.0,0.3994726433750824,21864.0,0.0,-0.055674634873867035,0.36049309372901917,-0.05567463487386704,True,quantile_recall_fpr_tradeoff,True,-0.028273973613977432,0.39947264337508237,False,True,True,False,False,0.05,4.860982676341177e-07,4.860982676341177e-07,True,4.860982676341177e-07,0.39947264337508237,0,86.6381287574768
tcn_transformer_ae,51,1000,8.722016040090302e-07,4.444639746462567e-07,9,9,5,4.860982676341177e-07,4.860982676341177e-07,0.39947264337508237,0,0.0003,/home/danderety/Documents/GitHub/TCN_Transformer_anomaly_analizer/outputs/loghub2/models/tcn_transformer_ae_seed42_best.pt,real_val_plus_val_synthetic,,,,,,,,,,,False,,,False,False,True,False,False,0.05,4.444639746462567e-07,4.444639746462567e-07,True,4.444639746462567e-07,0.39947264337508237,0,5.154714345932007
tcn_transformer_ae,52,1000,7.712399624045231e-07,3.5903124397083175e-07,9,9,5,4.444639746462567e-07,4.444639746462567e-07,0.39947264337508237,0,0.0003,/home/danderety/Documents/GitHub/TCN_Transformer_anomaly_analizer/outputs/loghub2/models/tcn_transformer_ae_seed42_best.pt,real_val_plus_val_synthetic,,,,,,,,,,,False,,,False,False,True,False,False,0.05,3.5903124397083175e-07,3.5903124397083175e-07,True,3.5903124397083175e-07,0.39947264337508237,0,5.137913227081299
tcn_transformer_ae,53,1000,6.740408511418855e-07,3.1538521408504637e-07,9,9,5,3.5903124397083175e-07,3.5903124397083175e-07,0.39947264337508237,0,0.0003,/home/danderety/Documents/GitHub/TCN_Transformer_anomaly_analizer/outputs/loghub2/models/tcn_transformer_ae_seed42_best.pt,real_val_plus_val_synthetic,,,,,,,,,,,False,,,False,False,True,False,False,0.05,3.1538521408504637e-07,3.1538521408504637e-07,True,3.1538521408504637e-07,0.39947264337508237,0,5.177903890609741
tcn_transformer_ae,54,1000,5.795893418224838e-07,2.9382069418428917e-07,9,9,5,3.1538521408504637e-07,3.1538521408504637e-07,0.39947264337508237,0,0.0003,/home/danderety/Documents/GitHub/TCN_Transformer_anomaly_analizer/outputs/loghub2/models/tcn_transformer_ae_seed42_best.pt,real_val_plus_val_synthetic,,,,,,,,,,,False,,,False,False,True,False,False,0.05,2.9382069418428917e-07,2.9382069418428917e-07,True,2.9382069418428917e-07,0.39947264337508237,0,5.126185178756714
tcn_transformer_ae,55,1000,5.125121770096516e-07,2.713941412187188e-07,9,9,5,2.9382069418428917e-07,2.9382069418428917e-07,0.39947264337508237,0,0.0003,/home/danderety/Documents/GitHub/TCN_Transformer_anomaly_analizer/outputs/loghub2/models/tcn_transformer_ae_seed42_best.pt,real_val_plus_val_synthetic,0.24958813838550248,1.0,0.3994726433750824,21864.0,0.0,-0.0024518051650375128,0.06490464508533478,-0.002247486729174853,True,quantile_recall_fpr_tradeoff,True,-0.055674634873867035,0.39947264337508237,False,True,True,False,False,0.05,2.713941412187188e-07,2.713941412187188e-07,True,2.713941412187188e-07,0.39947264337508237,0,81.1518714427948
tcn_transformer_ae,56,1000,4.476850881274642e-07,2.478027476159464e-07,9,9,5,2.713941412187188e-07,2.713941412187188e-07,0.39947264337508237,0,0.0003,/home/danderety/Documents/GitHub/TCN_Transformer_anomaly_analizer/outputs/loghub2/models/tcn_transformer_ae_seed42_best.pt,real_val_plus_val_synthetic,,,,,,,,,,,False,,,False,False,True,False,False,0.05,2.478027476159464e-07,2.478027476159464e-07,True,2.478027476159464e-07,0.39947264337508237,0,5.135324001312256
tcn_transformer_ae,57,1000,4.020551847161825e-07,2.1042375439755665e-07,9,9,5,2.478027476159464e-07,2.478027476159464e-07,0.39947264337508237,0,0.0003,/home/danderety/Documents/GitHub/TCN_Transformer_anomaly_analizer/outputs/loghub2/models/tcn_transformer_ae_seed42_best.pt,real_val_plus_val_synthetic,,,,,,,,,,,False,,,False,False,True,False,False,0.05,2.1042375439755665e-07,2.1042375439755665e-07,True,2.1042375439755665e-07,0.39947264337508237,0,5.127181768417358
tcn_transformer_ae,58,1000,3.5286957430900514e-07,1.857560039821381e-07,9,9,5,2.1042375439755665e-07,2.1042375439755665e-07,0.39947264337508237,0,0.0003,/home/danderety/Documents/GitHub/TCN_Transformer_anomaly_analizer/outputs/loghub2/models/tcn_transformer_ae_seed42_best.pt,real_val_plus_val_synthetic,,,,,,,,,,,False,,,False,False,True,False,False,0.05,1.857560039821381e-07,1.857560039821381e-07,True,1.857560039821381e-07,0.39947264337508237,0,5.1223673820495605
tcn_transformer_ae,59,1000,3.178457585705561e-07,1.3885217236426733e-07,9,9,5,1.857560039821381e-07,1.857560039821381e-07,0.39947264337508237,0,0.0003,/home/danderety/Documents/GitHub/TCN_Transformer_anomaly_analizer/outputs/loghub2/models/tcn_transformer_ae_seed42_best.pt,real_val_plus_val_synthetic,,,,,,,,,,,False,,,False,False,True,False,False,0.05,1.3885217236426733e-07,1.3885217236426733e-07,True,1.3885217236426733e-07,0.39947264337508237,0,5.141944408416748
tcn_transformer_ae,60,1000,2.887504391692306e-07,1.0257677096030186e-07,9,9,5,1.3885217236426733e-07,1.3885217236426733e-07,0.39947264337508237,0,0.0003,/home/danderety/Documents/GitHub/TCN_Transformer_anomaly_analizer/outputs/loghub2/models/tcn_transformer_ae_seed42_best.pt,real_val_plus_val_synthetic,0.24958813838550248,1.0,0.3994726433750824,21864.0,0.0,-0.05567466467618942,0.12207484990358353,-0.05567466467618943,True,quantile_recall_fpr_tradeoff,True,-0.0024518051650375128,0.39947264337508237,False,True,True,False,False,0.05,1.0257677096030186e-07,1.0257677096030186e-07,True,1.0257677096030186e-07,0.39947264337508237,0,81.6905255317688
tcn_transformer_ae,61,1000,2.543568193652048e-07,9.273901110988647e-08,9,9,5,1.0257677096030186e-07,1.0257677096030186e-07,0.39947264337508237,0,0.0003,/home/danderety/Documents/GitHub/TCN_Transformer_anomaly_analizer/outputs/loghub2/models/tcn_transformer_ae_seed42_best.pt,real_val_plus_val_synthetic,,,,,,,,,,,False,,,False,False,True,False,False,0.05,9.273901110988647e-08,9.273901110988647e-08,True,9.273901110988647e-08,0.39947264337508237,0,5.185919284820557
tcn_transformer_ae,62,1000,2.2702171034289245e-07,6.61020945665521e-08,9,9,5,9.273901110988647e-08,9.273901110988647e-08,0.39947264337508237,0,0.0003,/home/danderety/Documents/GitHub/TCN_Transformer_anomaly_analizer/outputs/loghub2/models/tcn_transformer_ae_seed42_best.pt,real_val_plus_val_synthetic,,,,,,,,,,,False,,,False,False,True,False,False,0.05,6.61020945665521e-08,6.61020945665521e-08,True,6.61020945665521e-08,0.39947264337508237,0,5.167664289474487
tcn_transformer_ae,63,1000,1.9358814811616348e-07,4.6686457504035117e-08,9,9,5,6.61020945665521e-08,6.61020945665521e-08,0.39947264337508237,0,0.0003,/home/danderety/Documents/GitHub/TCN_Transformer_anomaly_analizer/outputs/loghub2/models/tcn_transformer_ae_seed42_best.pt,real_val_plus_val_synthetic,,,,,,,,,,,False,,,False,False,True,False,False,0.05,4.6686457504035117e-08,4.6686457504035117e-08,True,4.6686457504035117e-08,0.39947264337508237,0,5.247950077056885
tcn_transformer_ae,64,1000,1.6264554534373338e-07,4.061481448916444e-08,9,9,5,4.6686457504035117e-08,4.6686457504035117e-08,0.39947264337508237,0,0.0003,/home/danderety/Documents/GitHub/TCN_Transformer_anomaly_analizer/outputs/loghub2/models/tcn_transformer_ae_seed42_best.pt,real_val_plus_val_synthetic,,,,,,,,,,,False,,,False,False,True,False,False,0.05,4.061481448916444e-08,4.061481448916444e-08,True,4.061481448916444e-08,0.39947264337508237,0,5.181225299835205
tcn_transformer_ae,65,1000,1.374969490622665e-07,3.573981274428565e-08,9,9,5,4.061481448916444e-08,4.061481448916444e-08,0.39947264337508237,0,0.0003,/home/danderety/Documents/GitHub/TCN_Transformer_anomaly_analizer/outputs/loghub2/models/tcn_transformer_ae_seed42_best.pt,real_val_plus_val_synthetic,0.24958813838550248,1.0,0.3994726433750824,21864.0,0.0,0.0,0.03422429785132408,-5e-324,True,quantile_recall_fpr_tradeoff,True,-0.05567466467618942,0.39947264337508237,False,True,True,False,False,0.05,3.573981274428565e-08,3.573981274428565e-08,True,3.573981274428565e-08,0.39947264337508237,0,76.66391777992249
tcn_transformer_ae,66,1000,1.1387413448061491e-07,3.19292882304266e-08,9,9,5,3.573981274428565e-08,3.573981274428565e-08,0.39947264337508237,0,0.0003,/home/danderety/Documents/GitHub/TCN_Transformer_anomaly_analizer/outputs/loghub2/models/tcn_transformer_ae_seed42_best.pt,real_val_plus_val_synthetic,,,,,,,,,,,False,,,False,False,True,False,False,0.05,3.19292882304266e-08,3.19292882304266e-08,True,3.19292882304266e-08,0.39947264337508237,0,5.144042730331421
tcn_transformer_ae,67,1000,1.0022580524580043e-07,2.8084404678535666e-08,9,9,5,3.19292882304266e-08,3.19292882304266e-08,0.39947264337508237,0,0.0003,/home/danderety/Documents/GitHub/TCN_Transformer_anomaly_analizer/outputs/loghub2/models/tcn_transformer_ae_seed42_best.pt,real_val_plus_val_synthetic,,,,,,,,,,,False,,,False,False,True,False,False,0.05,2.8084404678535666e-08,2.8084404678535666e-08,True,2.8084404678535666e-08,0.39947264337508237,0,5.143679141998291
tcn_transformer_ae,68,1000,8.267457609739974e-08,2.5403082650579228e-08,9,9,5,2.8084404678535666e-08,2.8084404678535666e-08,0.39947264337508237,0,0.0003,/home/danderety/Documents/GitHub/TCN_Transformer_anomaly_analizer/outputs/loghub2/models/tcn_transformer_ae_seed42_best.pt,real_val_plus_val_synthetic,,,,,,,,,,,False,,,False,False,True,False,False,0.05,2.5403082650579228e-08,2.5403082650579228e-08,True,2.5403082650579228e-08,0.39947264337508237,0,5.149188756942749
tcn_transformer_ae,69,1000,7.070959005841459e-08,2.2125594531957323e-08,9,9,5,2.5403082650579228e-08,2.5403082650579228e-08,0.39947264337508237,0,0.0003,/home/danderety/Documents/GitHub/TCN_Transformer_anomaly_analizer/outputs/loghub2/models/tcn_transformer_ae_seed42_best.pt,real_val_plus_val_synthetic,,,,,,,,,,,False,,,False,False,True,False,False,0.05,2.2125594531957323e-08,2.2125594531957323e-08,True,2.2125594531957323e-08,0.39947264337508237,0,5.148444414138794
tcn_transformer_ae,70,1000,6.267928997659847e-08,2.0471893780572435e-08,9,9,5,2.2125594531957323e-08,2.2125594531957323e-08,0.39947264337508237,0,0.0003,/home/danderety/Documents/GitHub/TCN_Transformer_anomaly_analizer/outputs/loghub2/models/tcn_transformer_ae_seed42_best.pt,real_val_plus_val_synthetic,0.24958813838550248,1.0,0.3994726433750824,21864.0,0.0,0.0,0.034255482256412506,-5e-324,True,quantile_recall_fpr_tradeoff,False,0.0,0.39947264337508237,False,True,True,False,False,0.05,2.0471893780572435e-08,2.0471893780572435e-08,True,2.0471893780572435e-08,0.39947264337508237,0,75.12992358207703
tcn_transformer_ae,71,1000,5.540627089292558e-08,1.851052229758125e-08,9,9,5,2.0471893780572435e-08,2.0471893780572435e-08,0.39947264337508237,0,0.0003,/home/danderety/Documents/GitHub/TCN_Transformer_anomaly_analizer/outputs/loghub2/models/tcn_transformer_ae_seed42_best.pt,real_val_plus_val_synthetic,,,,,,,,,,,False,,,False,False,True,False,False,0.05,1.851052229758125e-08,1.851052229758125e-08,True,1.851052229758125e-08,0.39947264337508237,0,5.1616435050964355
tcn_transformer_ae,72,1000,5.157306104981791e-08,1.6891650090849932e-08,9,9,5,1.851052229758125e-08,1.851052229758125e-08,0.39947264337508237,0,0.0003,/home/danderety/Documents/GitHub/TCN_Transformer_anomaly_analizer/outputs/loghub2/models/tcn_transformer_ae_seed42_best.pt,real_val_plus_val_synthetic,,,,,,,,,,,False,,,False,False,True,False,False,0.05,1.6891650090849932e-08,1.6891650090849932e-08,True,1.6891650090849932e-08,0.39947264337508237,0,5.142793655395508
tcn_transformer_ae,73,1000,4.547647998527126e-08,1.4311305478528232e-08,9,9,5,1.6891650090849932e-08,1.6891650090849932e-08,0.39947264337508237,0,0.0003,/home/danderety/Documents/GitHub/TCN_Transformer_anomaly_analizer/outputs/loghub2/models/tcn_transformer_ae_seed42_best.pt,real_val_plus_val_synthetic,,,,,,,,,,,False,,,False,False,True,False,False,0.05,1.4311305478528232e-08,1.4311305478528232e-08,True,1.4311305478528232e-08,0.39947264337508237,0,5.151143789291382
tcn_transformer_ae,74,1000,4.3719565355896167e-08,1.2163138932445202e-08,9,9,5,1.4311305478528232e-08,1.4311305478528232e-08,0.39947264337508237,0,0.0003,/home/danderety/Documents/GitHub/TCN_Transformer_anomaly_analizer/outputs/loghub2/models/tcn_transformer_ae_seed42_best.pt,real_val_plus_val_synthetic,,,,,,,,,,,False,,,False,False,True,False,False,0.05,1.2163138932445202e-08,1.2163138932445202e-08,True,1.2163138932445202e-08,0.39947264337508237,0,5.17416787147522
tcn_transformer_ae,75,1000,3.975040575061945e-08,9.55379878760123e-09,9,9,5,1.2163138932445202e-08,1.2163138932445202e-08,0.39947264337508237,0,0.0003,/home/danderety/Documents/GitHub/TCN_Transformer_anomaly_analizer/outputs/loghub2/models/tcn_transformer_ae_seed42_best.pt,real_val_plus_val_synthetic,0.24958813838550248,1.0,0.3994726433750824,21864.0,0.0,0.0,0.0063188206404447556,-5e-324,True,quantile_recall_fpr_tradeoff,False,0.0,0.39947264337508237,False,True,True,False,False,0.05,9.55379878760123e-09,9.55379878760123e-09,True,9.55379878760123e-09,0.39947264337508237,0,73.81933379173279
tcn_transformer_ae,76,1000,3.645676449225558e-08,7.938057156042788e-09,9,9,5,9.55379878760123e-09,9.55379878760123e-09,0.39947264337508237,0,0.0003,/home/danderety/Documents/GitHub/TCN_Transformer_anomaly_analizer/outputs/loghub2/models/tcn_transformer_ae_seed42_best.pt,real_val_plus_val_synthetic,,,,,,,,,,,False,,,False,False,True,False,False,0.05,7.938057156042788e-09,7.938057156042788e-09,True,7.938057156042788e-09,0.39947264337508237,0,5.134251117706299
tcn_transformer_ae,77,1000,3.3615275218361254e-08,6.944408199981083e-09,9,9,5,7.938057156042788e-09,7.938057156042788e-09,0.39947264337508237,0,0.0003,/home/danderety/Documents/GitHub/TCN_Transformer_anomaly_analizer/outputs/loghub2/models/tcn_transformer_ae_seed42_best.pt,real_val_plus_val_synthetic,,,,,,,,,,,False,,,False,False,True,False,False,0.05,6.944408199981083e-09,6.944408199981083e-09,True,6.944408199981083e-09,0.39947264337508237,0,5.148139476776123
tcn_transformer_ae,78,1000,3.055418862558044e-08,6.085032009401193e-09,9,9,5,6.944408199981083e-09,6.944408199981083e-09,0.39947264337508237,0,0.0003,/home/danderety/Documents/GitHub/TCN_Transformer_anomaly_analizer/outputs/loghub2/models/tcn_transformer_ae_seed42_best.pt,real_val_plus_val_synthetic,,,,,,,,,,,False,,,False,False,True,False,False,0.05,6.085032009401193e-09,6.085032009401193e-09,True,6.085032009401193e-09,0.39947264337508237,0,5.143394708633423
tcn_transformer_ae,79,1000,2.852677410471353e-08,5.385514370838371e-09,9,9,5,6.085032009401193e-09,6.085032009401193e-09,0.39947264337508237,0,0.0003,/home/danderety/Documents/GitHub/TCN_Transformer_anomaly_analizer/outputs/loghub2/models/tcn_transformer_ae_seed42_best.pt,real_val_plus_val_synthetic,,,,,,,,,,,False,,,False,False,True,False,False,0.05,5.385514370838371e-09,5.385514370838371e-09,True,5.385514370838371e-09,0.39947264337508237,0,5.150230646133423
tcn_transformer_ae,80,1000,2.6241320625225147e-08,4.868393055649409e-09,9,9,5,5.385514370838371e-09,5.385514370838371e-09,0.39947264337508237,0,0.0003,/home/danderety/Documents/GitHub/TCN_Transformer_anomaly_analizer/outputs/loghub2/models/tcn_transformer_ae_seed42_best.pt,real_val_plus_val_synthetic,0.24958813838550248,1.0,0.3994726433750824,21864.0,0.0,0.0,0.0,-5e-324,False,quantile_recall_fpr_tradeoff,False,0.0,0.39947264337508237,False,True,True,False,False,0.05,4.868393055649409e-09,4.868393055649409e-09,True,4.868393055649409e-09,0.39947264337508237,0,72.71148037910461
tcn_transformer_ae,81,1000,2.4392112657186484e-08,4.319763271320121e-09,9,9,5,4.868393055649409e-09,4.868393055649409e-09,0.39947264337508237,0,0.0003,/home/danderety/Documents/GitHub/TCN_Transformer_anomaly_analizer/outputs/loghub2/models/tcn_transformer_ae_seed42_best.pt,real_val_plus_val_synthetic,,,,,,,,,,,False,,,False,False,True,False,False,0.05,4.319763271320121e-09,4.319763271320121e-09,True,4.319763271320121e-09,0.39947264337508237,0,5.188662052154541
tcn_transformer_ae,82,1000,2.346638920997055e-08,3.891164832477608e-09,9,9,5,4.319763271320121e-09,4.319763271320121e-09,0.39947264337508237,0,0.0003,/home/danderety/Documents/GitHub/TCN_Transformer_anomaly_analizer/outputs/loghub2/models/tcn_transformer_ae_seed42_best.pt,real_val_plus_val_synthetic,,,,,,,,,,,False,,,False,False,True,False,False,0.05,3.891164832477608e-09,3.891164832477608e-09,True,3.891164832477608e-09,0.39947264337508237,0,5.185848712921143
tcn_transformer_ae,83,1000,2.1029635245670776e-08,3.4704625388128632e-09,9,9,5,3.891164832477608e-09,3.891164832477608e-09,0.39947264337508237,0,0.0003,/home/danderety/Documents/GitHub/TCN_Transformer_anomaly_analizer/outputs/loghub2/models/tcn_transformer_ae_seed42_best.pt,real_val_plus_val_synthetic,,,,,,,,,,,False,,,False,False,True,False,False,0.05,3.4704625388128632e-09,3.4704625388128632e-09,True,3.4704625388128632e-09,0.39947264337508237,0,5.162726640701294
tcn_transformer_ae,84,1000,2.09479169098689e-08,3.162091681698319e-09,9,9,5,3.4704625388128632e-09,3.4704625388128632e-09,0.39947264337508237,0,0.0003,/home/danderety/Documents/GitHub/TCN_Transformer_anomaly_analizer/outputs/loghub2/models/tcn_transformer_ae_seed42_best.pt,real_val_plus_val_synthetic,,,,,,,,,,,False,,,False,False,True,False,False,0.05,3.162091681698319e-09,3.162091681698319e-09,True,3.162091681698319e-09,0.39947264337508237,0,5.138202428817749
tcn_transformer_ae,85,1000,1.9065555551465827e-08,2.8363739112652233e-09,9,9,5,3.162091681698319e-09,3.162091681698319e-09,0.39947264337508237,0,0.0003,/home/danderety/Documents/GitHub/TCN_Transformer_anomaly_analizer/outputs/loghub2/models/tcn_transformer_ae_seed42_best.pt,real_val_plus_val_synthetic,0.24958813838550248,1.0,0.3994726433750824,21864.0,0.0,0.0,0.0,-5e-324,False,quantile_recall_fpr_tradeoff,False,0.0,0.39947264337508237,False,True,True,False,False,0.05,2.8363739112652233e-09,2.8363739112652233e-09,True,2.8363739112652233e-09,0.39947264337508237,0,72.36303663253784
tcn_transformer_ae,86,1000,1.8355322454959532e-08,2.50463265161984e-09,9,9,5,2.8363739112652233e-09,2.8363739112652233e-09,0.39947264337508237,0,0.0003,/home/danderety/Documents/GitHub/TCN_Transformer_anomaly_analizer/outputs/loghub2/models/tcn_transformer_ae_seed42_best.pt,real_val_plus_val_synthetic,,,,,,,,,,,False,,,False,False,True,False,False,0.05,2.50463265161984e-09,2.50463265161984e-09,True,2.50463265161984e-09,0.39947264337508237,0,5.167769193649292
tcn_transformer_ae,87,1000,1.78520641154746e-08,2.2175894383473237e-09,9,9,5,2.50463265161984e-09,2.50463265161984e-09,0.39947264337508237,0,0.0003,/home/danderety/Documents/GitHub/TCN_Transformer_anomaly_analizer/outputs/loghub2/models/tcn_transformer_ae_seed42_best.pt,real_val_plus_val_synthetic,,,,,,,,,,,False,,,False,False,True,False,False,0.05,2.2175894383473237e-09,2.2175894383473237e-09,True,2.2175894383473237e-09,0.39947264337508237,0,5.160099744796753
tcn_transformer_ae,88,1000,1.7077617522849466e-08,2.000823037161381e-09,9,9,5,2.2175894383473237e-09,2.2175894383473237e-09,0.39947264337508237,0,0.0003,/home/danderety/Documents/GitHub/TCN_Transformer_anomaly_analizer/outputs/loghub2/models/tcn_transformer_ae_seed42_best.pt,real_val_plus_val_synthetic,,,,,,,,,,,False,,,False,False,True,False,False,0.05,2.000823037161381e-09,2.000823037161381e-09,True,2.000823037161381e-09,0.39947264337508237,0,5.190242767333984
tcn_transformer_ae,89,1000,1.667872279663248e-08,1.7686003135936144e-09,9,9,5,2.000823037161381e-09,2.000823037161381e-09,0.39947264337508237,0,0.0003,/home/danderety/Documents/GitHub/TCN_Transformer_anomaly_analizer/outputs/loghub2/models/tcn_transformer_ae_seed42_best.pt,real_val_plus_val_synthetic,,,,,,,,,,,False,,,False,False,True,False,False,0.05,1.7686003135936144e-09,1.7686003135936144e-09,True,1.7686003135936144e-09,0.39947264337508237,0,5.165755271911621
tcn_transformer_ae,90,1000,1.6493874741641185e-08,1.528699722972699e-09,9,9,5,1.7686003135936144e-09,1.7686003135936144e-09,0.39947264337508237,0,0.0003,/home/danderety/Documents/GitHub/TCN_Transformer_anomaly_analizer/outputs/loghub2/models/tcn_transformer_ae_seed42_best.pt,real_val_plus_val_synthetic,0.24958813838550248,1.0,0.3994726433750824,21864.0,0.0,0.0,0.0,-5e-324,False,quantile_recall_fpr_tradeoff,False,0.0,0.39947264337508237,False,True,True,False,False,0.05,1.528699722972699e-09,1.528699722972699e-09,True,1.528699722972699e-09,0.39947264337508237,0,73.16209959983826
tcn_transformer_ae,91,1000,1.6237086268115302e-08,1.3515068922672644e-09,9,9,5,1.528699722972699e-09,1.528699722972699e-09,0.39947264337508237,0,0.0003,/home/danderety/Documents/GitHub/TCN_Transformer_anomaly_analizer/outputs/loghub2/models/tcn_transformer_ae_seed42_best.pt,real_val_plus_val_synthetic,,,,,,,,,,,False,,,False,False,True,False,False,0.05,1.3515068922672644e-09,1.3515068922672644e-09,True,1.3515068922672644e-09,0.39947264337508237,0,5.158627033233643
tcn_transformer_ae,92,1000,1.560680342075914e-08,1.146677910640506e-09,9,9,5,1.3515068922672644e-09,1.3515068922672644e-09,0.39947264337508237,0,0.0003,/home/danderety/Documents/GitHub/TCN_Transformer_anomaly_analizer/outputs/loghub2/models/tcn_transformer_ae_seed42_best.pt,real_val_plus_val_synthetic,,,,,,,,,,,False,,,False,False,True,False,False,0.05,1.146677910640506e-09,1.146677910640506e-09,True,1.146677910640506e-09,0.39947264337508237,0,5.154280662536621
tcn_transformer_ae,93,1000,1.573911476977068e-08,1.0248417606144822e-09,9,9,5,1.146677910640506e-09,1.146677910640506e-09,0.39947264337508237,0,0.0003,/home/danderety/Documents/GitHub/TCN_Transformer_anomaly_analizer/outputs/loghub2/models/tcn_transformer_ae_seed42_best.pt,real_val_plus_val_synthetic,,,,,,,,,,,False,,,False,False,True,False,False,0.05,1.0248417606144822e-09,1.0248417606144822e-09,True,1.0248417606144822e-09,0.39947264337508237,0,5.149816274642944
tcn_transformer_ae,94,1000,1.5608127529223337e-08,9.131205513326085e-10,9,9,5,1.0248417606144822e-09,1.0248417606144822e-09,0.39947264337508237,0,0.0003,/home/danderety/Documents/GitHub/TCN_Transformer_anomaly_analizer/outputs/loghub2/models/tcn_transformer_ae_seed42_best.pt,real_val_plus_val_synthetic,,,,,,,,,,,False,,,False,False,True,False,False,0.05,9.131205513326085e-10,9.131205513326085e-10,True,9.131205513326085e-10,0.39947264337508237,0,5.194229364395142
tcn_transformer_ae,95,1000,1.568656905735011e-08,8.158018752494509e-10,9,9,5,9.131205513326085e-10,9.131205513326085e-10,0.39947264337508237,0,0.0003,/home/danderety/Documents/GitHub/TCN_Transformer_anomaly_analizer/outputs/loghub2/models/tcn_transformer_ae_seed42_best.pt,real_val_plus_val_synthetic,0.24958813838550248,1.0,0.3994726433750824,21864.0,0.0,0.0,0.0,-5e-324,False,quantile_recall_fpr_tradeoff,False,0.0,0.39947264337508237,False,True,True,False,False,0.05,8.158018752494509e-10,8.158018752494509e-10,True,8.158018752494509e-10,0.39947264337508237,0,73.54352259635925
tcn_transformer_ae,96,1000,1.5720592488595965e-08,7.049645164652409e-10,9,9,5,8.158018752494509e-10,8.158018752494509e-10,0.39947264337508237,0,0.0003,/home/danderety/Documents/GitHub/TCN_Transformer_anomaly_analizer/outputs/loghub2/models/tcn_transformer_ae_seed42_best.pt,real_val_plus_val_synthetic,,,,,,,,,,,False,,,False,False,True,False,False,0.05,7.049645164652409e-10,7.049645164652409e-10,True,7.049645164652409e-10,0.39947264337508237,0,5.190013885498047
tcn_transformer_ae,97,1000,1.593554108942479e-08,6.183462171874607e-10,9,9,5,7.049645164652409e-10,7.049645164652409e-10,0.39947264337508237,0,0.0003,/home/danderety/Documents/GitHub/TCN_Transformer_anomaly_analizer/outputs/loghub2/models/tcn_transformer_ae_seed42_best.pt,real_val_plus_val_synthetic,,,,,,,,,,,False,,,False,False,True,False,False,0.05,6.183462171874607e-10,6.183462171874607e-10,True,6.183462171874607e-10,0.39947264337508237,0,5.177806854248047
tcn_transformer_ae,98,1000,1.588072092542198e-08,5.489759514422937e-10,9,9,5,6.183462171874607e-10,6.183462171874607e-10,0.39947264337508237,0,0.0003,/home/danderety/Documents/GitHub/TCN_Transformer_anomaly_analizer/outputs/loghub2/models/tcn_transformer_ae_seed42_best.pt,real_val_plus_val_synthetic,,,,,,,,,,,False,,,False,False,True,False,False,0.05,5.489759514422937e-10,5.489759514422937e-10,True,5.489759514422937e-10,0.39947264337508237,0,5.144081354141235
tcn_transformer_ae,99,1000,1.626912042511875e-08,4.8698429402088e-10,9,9,5,5.489759514422937e-10,5.489759514422937e-10,0.39947264337508237,0,0.0003,/home/danderety/Documents/GitHub/TCN_Transformer_anomaly_analizer/outputs/loghub2/models/tcn_transformer_ae_seed42_best.pt,real_val_plus_val_synthetic,,,,,,,,,,,False,,,False,False,True,False,False,0.05,4.8698429402088e-10,4.8698429402088e-10,True,4.8698429402088e-10,0.39947264337508237,0,5.153682231903076
tcn_transformer_ae,100,1000,1.643931592803389e-08,4.189410791961323e-10,9,9,5,4.8698429402088e-10,4.8698429402088e-10,0.39947264337508237,0,0.0003,/home/danderety/Documents/GitHub/TCN_Transformer_anomaly_analizer/outputs/loghub2/models/tcn_transformer_ae_seed42_best.pt,real_val_plus_val_synthetic,0.24958813838550248,1.0,0.3994726433750824,21864.0,0.0,0.0,0.0,-5e-324,False,quantile_recall_fpr_tradeoff,False,0.0,0.39947264337508237,False,True,True,False,False,0.05,4.189410791961323e-10,4.189410791961323e-10,True,4.189410791961323e-10,0.39947264337508237,0,74.46169328689575
tcn_transformer_ae,101,1000,1.6738633489023968e-08,3.852757299353926e-10,9,9,5,4.189410791961323e-10,4.189410791961323e-10,0.39947264337508237,0,0.0003,/home/danderety/Documents/GitHub/TCN_Transformer_anomaly_analizer/outputs/loghub2/models/tcn_transformer_ae_seed42_best.pt,real_val_plus_val_synthetic,,,,,,,,,,,False,,,False,False,True,False,False,0.05,3.852757299353926e-10,3.852757299353926e-10,True,3.852757299353926e-10,0.39947264337508237,0,5.176915884017944
tcn_transformer_ae,102,1000,1.6881331864557057e-08,2.959811556421714e-10,9,9,5,3.852757299353926e-10,3.852757299353926e-10,0.39947264337508237,0,0.0003,/home/danderety/Documents/GitHub/TCN_Transformer_anomaly_analizer/outputs/loghub2/models/tcn_transformer_ae_seed42_best.pt,real_val_plus_val_synthetic,,,,,,,,,,,False,,,False,False,True,False,False,0.05,2.959811556421714e-10,2.959811556421714e-10,True,2.959811556421714e-10,0.39947264337508237,0,5.203005313873291
tcn_transformer_ae,103,1000,1.6863466486763937e-08,2.671218613019399e-10,9,9,5,2.959811556421714e-10,2.959811556421714e-10,0.39947264337508237,0,0.0003,/home/danderety/Documents/GitHub/TCN_Transformer_anomaly_analizer/outputs/loghub2/models/tcn_transformer_ae_seed42_best.pt,real_val_plus_val_synthetic,,,,,,,,,,,False,,,False,False,True,False,False,0.05,2.671218613019399e-10,2.671218613019399e-10,True,2.671218613019399e-10,0.39947264337508237,0,5.198835849761963
tcn_transformer_ae,104,1000,1.6832759178722574e-08,2.533561984720438e-10,9,9,5,2.671218613019399e-10,2.671218613019399e-10,0.39947264337508237,0,0.0003,/home/danderety/Documents/GitHub/TCN_Transformer_anomaly_analizer/outputs/loghub2/models/tcn_transformer_ae_seed42_best.pt,real_val_plus_val_synthetic,,,,,,,,,,,False,,,False,False,True,False,False,0.05,2.533561984720438e-10,2.533561984720438e-10,True,2.533561984720438e-10,0.39947264337508237,0,5.1498541831970215
tcn_transformer_ae,105,1000,1.6930151047171644e-08,2.2039309266475016e-10,9,9,5,2.533561984720438e-10,2.533561984720438e-10,0.39947264337508237,0,0.0003,/home/danderety/Documents/GitHub/TCN_Transformer_anomaly_analizer/outputs/loghub2/models/tcn_transformer_ae_seed42_best.pt,real_val_plus_val_synthetic,0.24958813838550248,1.0,0.3994726433750824,21864.0,0.0,0.0,0.0,-5e-324,False,quantile_recall_fpr_tradeoff,False,0.0,0.39947264337508237,False,True,True,False,False,0.05,2.2039309266475016e-10,2.2039309266475016e-10,True,2.2039309266475016e-10,0.39947264337508237,0,74.53643894195557
tcn_transformer_ae,106,1000,1.689500460391102e-08,1.777619328538823e-10,9,9,5,2.2039309266475016e-10,2.2039309266475016e-10,0.39947264337508237,0,0.0003,/home/danderety/Documents/GitHub/TCN_Transformer_anomaly_analizer/outputs/loghub2/models/tcn_transformer_ae_seed42_best.pt,real_val_plus_val_synthetic,,,,,,,,,,,False,,,False,False,True,False,False,0.05,1.777619328538823e-10,1.777619328538823e-10,True,1.777619328538823e-10,0.39947264337508237,0,5.250229597091675
tcn_transformer_ae,107,1000,1.6700271169854697e-08,1.4429699321381517e-10,9,9,5,1.777619328538823e-10,1.777619328538823e-10,0.39947264337508237,0,0.0003,/home/danderety/Documents/GitHub/TCN_Transformer_anomaly_analizer/outputs/loghub2/models/tcn_transformer_ae_seed42_best.pt,real_val_plus_val_synthetic,,,,,,,,,,,False,,,False,False,True,False,False,0.05,1.4429699321381517e-10,1.4429699321381517e-10,True,1.4429699321381517e-10,0.39947264337508237,0,5.18745493888855
tcn_transformer_ae,108,1000,1.6527415747870925e-08,1.3086740950167078e-10,9,9,5,1.4429699321381517e-10,1.4429699321381517e-10,0.39947264337508237,0,0.0003,/home/danderety/Documents/GitHub/TCN_Transformer_anomaly_analizer/outputs/loghub2/models/tcn_transformer_ae_seed42_best.pt,real_val_plus_val_synthetic,,,,,,,,,,,False,,,False,False,True,False,False,0.05,1.3086740950167078e-10,1.3086740950167078e-10,True,1.3086740950167078e-10,0.39947264337508237,0,5.156006813049316
tcn_transformer_ae,109,1000,1.640260749447009e-08,1.0899642640691036e-10,9,9,5,1.3086740950167078e-10,1.3086740950167078e-10,0.39947264337508237,0,0.0003,/home/danderety/Documents/GitHub/TCN_Transformer_anomaly_analizer/outputs/loghub2/models/tcn_transformer_ae_seed42_best.pt,real_val_plus_val_synthetic,,,,,,,,,,,False,,,False,False,True,False,False,0.05,1.0899642640691036e-10,1.0899642640691036e-10,True,1.0899642640691036e-10,0.39947264337508237,0,5.200944423675537
tcn_transformer_ae,110,1000,1.6175288402070595e-08,9.043785664310415e-11,9,9,5,1.0899642640691036e-10,1.0899642640691036e-10,0.39947264337508237,0,0.0003,/home/danderety/Documents/GitHub/TCN_Transformer_anomaly_analizer/outputs/loghub2/models/tcn_transformer_ae_seed42_best.pt,real_val_plus_val_synthetic,0.24958813838550248,1.0,0.3994726433750824,21864.0,0.0,0.0,0.0,-5e-324,False,quantile_recall_fpr_tradeoff,False,0.0,0.39947264337508237,False,True,True,False,False,0.05,9.043785664310415e-11,9.043785664310415e-11,True,9.043785664310415e-11,0.39947264337508237,0,74.69445443153381
tcn_transformer_ae,111,1000,1.5707942001700123e-08,9.963938981886169e-11,9,9,5,9.043785664310415e-11,9.043785664310415e-11,0.39947264337508237,0,0.0003,/home/danderety/Documents/GitHub/TCN_Transformer_anomaly_analizer/outputs/loghub2/models/tcn_transformer_ae_seed42_best.pt,real_val_plus_val_synthetic,,,,,,,,,,,False,,,False,False,False,False,False,0.05,9.963938981886169e-11,9.043785664310415e-11,False,9.043785664310415e-11,0.39947264337508237,1,5.135612964630127
tcn_transformer_ae,112,1000,1.5784933812287898e-08,8.629569914403932e-11,9,9,5,9.043785664310415e-11,9.043785664310415e-11,0.39947264337508237,1,0.0003,/home/danderety/Documents/GitHub/TCN_Transformer_anomaly_analizer/outputs/loghub2/models/tcn_transformer_ae_seed42_best.pt,real_val_plus_val_synthetic,,,,,,,,,,,False,,,False,False,True,False,False,0.05,8.629569914403932e-11,8.629569914403932e-11,True,8.629569914403932e-11,0.39947264337508237,0,5.1881725788116455
tcn_transformer_ae,113,1000,1.5423988304887037e-08,8.904302587662166e-11,9,9,5,8.629569914403932e-11,8.629569914403932e-11,0.39947264337508237,0,0.0003,/home/danderety/Documents/GitHub/TCN_Transformer_anomaly_analizer/outputs/loghub2/models/tcn_transformer_ae_seed42_best.pt,real_val_plus_val_synthetic,,,,,,,,,,,False,,,False,False,False,False,False,0.05,8.904302587662166e-11,8.629569914403932e-11,False,8.629569914403932e-11,0.39947264337508237,1,5.149292707443237
tcn_transformer_ae,114,1000,1.5157947618330345e-08,6.781189912715722e-11,9,9,5,8.629569914403932e-11,8.629569914403932e-11,0.39947264337508237,1,0.0003,/home/danderety/Documents/GitHub/TCN_Transformer_anomaly_analizer/outputs/loghub2/models/tcn_transformer_ae_seed42_best.pt,real_val_plus_val_synthetic,,,,,,,,,,,False,,,False,False,True,False,False,0.05,6.781189912715722e-11,6.781189912715722e-11,True,6.781189912715722e-11,0.39947264337508237,0,5.183370351791382
tcn_transformer_ae,115,1000,1.492770803654446e-08,7.017625430566012e-11,9,9,5,6.781189912715722e-11,6.781189912715722e-11,0.39947264337508237,0,0.0003,/home/danderety/Documents/GitHub/TCN_Transformer_anomaly_analizer/outputs/loghub2/models/tcn_transformer_ae_seed42_best.pt,real_val_plus_val_synthetic,0.24958813838550248,1.0,0.3994726433750824,21864.0,0.0,0.0,0.0,-5e-324,False,quantile_recall_fpr_tradeoff,False,0.0,0.39947264337508237,False,True,False,False,False,0.05,7.017625430566012e-11,6.781189912715722e-11,False,6.781189912715722e-11,0.39947264337508237,1,74.11832022666931
tcn_transformer_ae,116,1000,1.460318711179192e-08,6.83943219432731e-11,9,9,5,6.781189912715722e-11,6.781189912715722e-11,0.39947264337508237,1,0.0003,/home/danderety/Documents/GitHub/TCN_Transformer_anomaly_analizer/outputs/loghub2/models/tcn_transformer_ae_seed42_best.pt,real_val_plus_val_synthetic,,,,,,,,,,,False,,,False,False,False,False,False,0.05,6.83943219432731e-11,6.781189912715722e-11,False,6.781189912715722e-11,0.39947264337508237,2,5.1673407554626465
tcn_transformer_ae,117,1000,1.465306929010187e-08,6.651634482004766e-11,9,9,5,6.781189912715722e-11,6.781189912715722e-11,0.39947264337508237,2,0.0003,/home/danderety/Documents/GitHub/TCN_Transformer_anomaly_analizer/outputs/loghub2/models/tcn_transformer_ae_seed42_best.pt,real_val_plus_val_synthetic,,,,,,,,,,,False,,,False,False,True,False,False,0.05,6.651634482004766e-11,6.651634482004766e-11,True,6.651634482004766e-11,0.39947264337508237,0,5.181014776229858
tcn_transformer_ae,118,1000,1.4291449117698781e-08,8.100128669659885e-11,9,9,5,6.651634482004766e-11,6.651634482004766e-11,0.39947264337508237,0,0.0003,/home/danderety/Documents/GitHub/TCN_Transformer_anomaly_analizer/outputs/loghub2/models/tcn_transformer_ae_seed42_best.pt,real_val_plus_val_synthetic,,,,,,,,,,,False,,,False,False,False,False,False,0.05,8.100128669659885e-11,6.651634482004766e-11,False,6.651634482004766e-11,0.39947264337508237,1,5.1278395652771
tcn_transformer_ae,119,1000,1.4219645330611086e-08,5.207794332225976e-11,9,9,5,6.651634482004766e-11,6.651634482004766e-11,0.39947264337508237,1,0.0003,/home/danderety/Documents/GitHub/TCN_Transformer_anomaly_analizer/outputs/loghub2/models/tcn_transformer_ae_seed42_best.pt,real_val_plus_val_synthetic,,,,,,,,,,,False,,,False,False,True,False,False,0.05,5.207794332225976e-11,5.207794332225976e-11,True,5.207794332225976e-11,0.39947264337508237,0,5.1525719165802
tcn_transformer_ae,120,1000,1.4174537964425769e-08,4.5962045086069164e-11,9,9,5,5.207794332225976e-11,5.207794332225976e-11,0.39947264337508237,0,0.0003,/home/danderety/Documents/GitHub/TCN_Transformer_anomaly_analizer/outputs/loghub2/models/tcn_transformer_ae_seed42_best.pt,real_val_plus_val_synthetic,0.24958813838550248,1.0,0.3994726433750824,21864.0,0.0,0.0,0.0,-5e-324,False,quantile_recall_fpr_tradeoff,False,0.0,0.39947264337508237,False,True,True,False,False,0.05,4.5962045086069164e-11,4.5962045086069164e-11,True,4.5962045086069164e-11,0.39947264337508237,0,74.99371862411499
tcn_transformer_ae,121,1000,1.3462836014615382e-08,4.5372636386346793e-11,9,9,5,4.5962045086069164e-11,4.5962045086069164e-11,0.39947264337508237,0,0.0003,/home/danderety/Documents/GitHub/TCN_Transformer_anomaly_analizer/outputs/loghub2/models/tcn_transformer_ae_seed42_best.pt,real_val_plus_val_synthetic,,,,,,,,,,,False,,,False,False,True,False,False,0.05,4.5372636386346793e-11,4.5372636386346793e-11,True,4.5372636386346793e-11,0.39947264337508237,0,5.1667492389678955
tcn_transformer_ae,122,1000,1.1295246856195677e-08,3.9443775244058635e-11,9,9,5,4.5372636386346793e-11,4.5372636386346793e-11,0.39947264337508237,0,0.0003,/home/danderety/Documents/GitHub/TCN_Transformer_anomaly_analizer/outputs/loghub2/models/tcn_transformer_ae_seed42_best.pt,real_val_plus_val_synthetic,,,,,,,,,,,False,,,False,False,True,False,False,0.05,3.9443775244058635e-11,3.9443775244058635e-11,True,3.9443775244058635e-11,0.39947264337508237,0,5.201467990875244
tcn_transformer_ae,123,1000,1.3041866528249924e-08,3.9433107364223776e-11,9,9,5,3.9443775244058635e-11,3.9443775244058635e-11,0.39947264337508237,0,0.0003,/home/danderety/Documents/GitHub/TCN_Transformer_anomaly_analizer/outputs/loghub2/models/tcn_transformer_ae_seed42_best.pt,real_val_plus_val_synthetic,,,,,,,,,,,False,,,False,False,True,False,False,0.05,3.9433107364223776e-11,3.9433107364223776e-11,True,3.9433107364223776e-11,0.39947264337508237,0,5.16745924949646
tcn_transformer_ae,124,1000,1.2780268541312729e-08,1.4220437571153261e-11,9,9,5,3.9433107364223776e-11,3.9433107364223776e-11,0.39947264337508237,0,0.0003,/home/danderety/Documents/GitHub/TCN_Transformer_anomaly_analizer/outputs/loghub2/models/tcn_transformer_ae_seed42_best.pt,real_val_plus_val_synthetic,,,,,,,,,,,False,,,False,False,True,False,False,0.05,1.4220437571153261e-11,1.4220437571153261e-11,True,1.4220437571153261e-11,0.39947264337508237,0,5.1798577308654785
tcn_transformer_ae,125,1000,1.2879614669128215e-08,2.026649949225046e-11,9,9,5,1.4220437571153261e-11,1.4220437571153261e-11,0.39947264337508237,0,0.0003,/home/danderety/Documents/GitHub/TCN_Transformer_anomaly_analizer/outputs/loghub2/models/tcn_transformer_ae_seed42_best.pt,real_val_plus_val_synthetic,0.24958813838550248,1.0,0.3994726433750824,21864.0,0.0,0.0,0.0,-5e-324,False,quantile_recall_fpr_tradeoff,False,0.0,0.39947264337508237,False,True,False,False,False,0.05,2.026649949225046e-11,1.4220437571153261e-11,False,1.4220437571153261e-11,0.39947264337508237,1,74.07881379127502
tcn_transformer_ae,126,1000,1.2777464737340108e-08,3.5065026844614064e-11,9,9,5,1.4220437571153261e-11,1.4220437571153261e-11,0.39947264337508237,1,0.0003,/home/danderety/Documents/GitHub/TCN_Transformer_anomaly_analizer/outputs/loghub2/models/tcn_transformer_ae_seed42_best.pt,real_val_plus_val_synthetic,,,,,,,,,,,False,,,False,False,False,False,False,0.05,3.5065026844614064e-11,1.4220437571153261e-11,False,1.4220437571153261e-11,0.39947264337508237,2,5.142760992050171
tcn_transformer_ae,127,1000,1.0617006380656527e-08,8.621299580668344e-12,9,9,5,1.4220437571153261e-11,1.4220437571153261e-11,0.39947264337508237,2,0.0003,/home/danderety/Documents/GitHub/TCN_Transformer_anomaly_analizer/outputs/loghub2/models/tcn_transformer_ae_seed42_best.pt,real_val_plus_val_synthetic,,,,,,,,,,,False,,,False,False,True,False,False,0.05,8.621299580668344e-12,8.621299580668344e-12,True,8.621299580668344e-12,0.39947264337508237,0,5.192554473876953
tcn_transformer_ae,128,1000,1.0624278345485076e-10,4.929644655445505e-12,9,9,5,8.621299580668344e-12,8.621299580668344e-12,0.39947264337508237,0,0.0003,/home/danderety/Documents/GitHub/TCN_Transformer_anomaly_analizer/outputs/loghub2/models/tcn_transformer_ae_seed42_best.pt,real_val_plus_val_synthetic,,,,,,,,,,,False,,,False,False,True,False,False,0.05,4.929644655445505e-12,4.929644655445505e-12,True,4.929644655445505e-12,0.39947264337508237,0,5.154505968093872
tcn_transformer_ae,129,1000,7.152363564349714e-10,1.6019384702763467e-09,9,9,5,4.929644655445505e-12,4.929644655445505e-12,0.39947264337508237,0,0.0003,/home/danderety/Documents/GitHub/TCN_Transformer_anomaly_analizer/outputs/loghub2/models/tcn_transformer_ae_seed42_best.pt,real_val_plus_val_synthetic,,,,,,,,,,,False,,,False,False,False,False,False,0.05,1.6019384702763467e-09,4.929644655445505e-12,False,4.929644655445505e-12,0.39947264337508237,1,5.12910532951355
tcn_transformer_ae,130,1000,0.0001795067834511437,6.105775858981787e-05,9,9,5,4.929644655445505e-12,4.929644655445505e-12,0.39947264337508237,1,0.0003,/home/danderety/Documents/GitHub/TCN_Transformer_anomaly_analizer/outputs/loghub2/models/tcn_transformer_ae_seed42_best.pt,real_val_plus_val_synthetic,0.24958813838550248,1.0,0.3994726433750824,21864.0,0.0,0.0,0.009169944562017918,-5e-324,True,quantile_recall_fpr_tradeoff,False,0.0,0.39947264337508237,False,True,False,False,False,0.05,6.105775858981787e-05,4.929644655445505e-12,False,4.929644655445505e-12,0.39947264337508237,2,74.60887217521667
tcn_transformer_ae,131,1000,0.0003683321064981932,4.9805382058824256e-05,9,9,5,4.929644655445505e-12,4.929644655445505e-12,0.39947264337508237,2,0.0003,/home/danderety/Documents/GitHub/TCN_Transformer_anomaly_analizer/outputs/loghub2/models/tcn_transformer_ae_seed42_best.pt,real_val_plus_val_synthetic,,,,,,,,,,,False,,,False,False,False,False,False,0.05,4.9805382058824256e-05,4.929644655445505e-12,False,4.929644655445505e-12,0.39947264337508237,3,5.159888029098511
tcn_transformer_ae,132,1000,0.00014827778516246065,2.715323642266547e-06,9,9,5,4.929644655445505e-12,4.929644655445505e-12,0.39947264337508237,3,0.0003,/home/danderety/Documents/GitHub/TCN_Transformer_anomaly_analizer/outputs/loghub2/models/tcn_transformer_ae_seed42_best.pt,real_val_plus_val_synthetic,,,,,,,,,,,False,,,False,False,False,False,False,0.05,2.715323642266547e-06,4.929644655445505e-12,False,4.929644655445505e-12,0.39947264337508237,4,5.143430709838867
tcn_transformer_ae,133,1000,8.450584032901964e-06,2.615074686168958e-07,9,9,5,4.929644655445505e-12,4.929644655445505e-12,0.39947264337508237,4,0.0003,/home/danderety/Documents/GitHub/TCN_Transformer_anomaly_analizer/outputs/loghub2/models/tcn_transformer_ae_seed42_best.pt,real_val_plus_val_synthetic,,,,,,,,,,,False,,,False,False,False,False,False,0.05,2.615074686168958e-07,4.929644655445505e-12,False,4.929644655445505e-12,0.39947264337508237,5,5.147357940673828
tcn_transformer_ae,134,1000,4.564154693005146e-07,7.755746342180193e-08,9,9,5,4.929644655445505e-12,4.929644655445505e-12,0.39947264337508237,5,0.0003,/home/danderety/Documents/GitHub/TCN_Transformer_anomaly_analizer/outputs/loghub2/models/tcn_transformer_ae_seed42_best.pt,real_val_plus_val_synthetic,,,,,,,,,,,False,,,False,False,False,False,False,0.05,7.755746342180193e-08,4.929644655445505e-12,False,4.929644655445505e-12,0.39947264337508237,6,5.15221643447876
tcn_transformer_ae,135,1000,9.928353513396122e-08,5.7304449326074137e-08,9,9,5,4.929644655445505e-12,4.929644655445505e-12,0.39947264337508237,6,0.0003,/home/danderety/Documents/GitHub/TCN_Transformer_anomaly_analizer/outputs/loghub2/models/tcn_transformer_ae_seed42_best.pt,real_val_plus_val_synthetic,0.24958813838550248,1.0,0.3994726433750824,21864.0,0.0,0.0,0.0,-5e-324,False,quantile_recall_fpr_tradeoff,False,0.0,0.39947264337508237,False,True,False,False,False,0.05,5.7304449326074137e-08,4.929644655445505e-12,False,4.929644655445505e-12,0.39947264337508237,7,65.29950213432312
tcn_transformer_ae,136,1000,3.96337333171786e-07,2.5508500409531172e-08,9,9,5,4.929644655445505e-12,4.929644655445505e-12,0.39947264337508237,7,0.0003,/home/danderety/Documents/GitHub/TCN_Transformer_anomaly_analizer/outputs/loghub2/models/tcn_transformer_ae_seed42_best.pt,real_val_plus_val_synthetic,0.24958813838550248,1.0,0.3994726433750824,21864.0,0.0,0.0,0.0,-5e-324,False,quantile_recall_fpr_tradeoff,False,0.0,0.39947264337508237,False,True,False,False,False,0.05,2.5508500409531172e-08,4.929644655445505e-12,False,4.929644655445505e-12,0.39947264337508237,8,65.39320421218872
tcn_transformer_ae,137,1000,7.953847204709523e-08,1.8623285266864975e-08,9,9,5,4.929644655445505e-12,4.929644655445505e-12,0.39947264337508237,8,0.0003,/home/danderety/Documents/GitHub/TCN_Transformer_anomaly_analizer/outputs/loghub2/models/tcn_transformer_ae_seed42_best.pt,real_val_plus_val_synthetic,0.24958813838550248,1.0,0.3994726433750824,21864.0,0.0,0.0,0.0,-5e-324,False,quantile_recall_fpr_tradeoff,False,0.0,0.39947264337508237,False,True,False,False,False,0.05,1.8623285266864975e-08,4.929644655445505e-12,False,4.929644655445505e-12,0.39947264337508237,9,65.7952356338501
